<?xml version="1.0" encoding="utf-8"?>

<flectra>
    <data noupdate="1">

        <!-- Note Issuing Reasons Data -->

        <record id="note_issue_reason1" model="note.issue.reason">
            <field name="code">01</field>
            <field name="name">Sales Return</field>
        </record>

        <record id="note_issue_reason2" model="note.issue.reason">
            <field name="code">02</field>
            <field name="name">Post Sale Discount</field>
        </record>

        <record id="note_issue_reason3" model="note.issue.reason">
            <field name="code">03</field>
            <field name="name">Deficiency in services</field>
        </record>

        <record id="note_issue_reason4" model="note.issue.reason">
            <field name="code">04</field>
            <field name="name">Correction in Invoice</field>
        </record>

        <record id="note_issue_reason5" model="note.issue.reason">
            <field name="code">05</field>
            <field name="name">Change in POS</field>
        </record>

        <record id="note_issue_reason6" model="note.issue.reason">
            <field name="code">06</field>
            <field name="name">Finalization of Provisional assessment</field>
        </record>

        <record id="note_issue_reason7" model="note.issue.reason">
            <field name="code">07</field>
            <field name="name">Others</field>
        </record>

    </data>
</flectra>
