id,name,model_id:id,group_id:id,perm_read,perm_write,perm_create,perm_unlink
access_note_issue_reason_all,access_note_issue_reason_all,model_note_issue_reason,account.group_account_manager,1,1,1,1
access_note_issue_reason,access_note_issue_reason,model_note_issue_reason,,1,0,0,0
access_res_company_b2c_limit_all,access_res_company_b2c_limit_all,model_res_company_b2c_limit,base.group_system,1,1,1,1
access_res_company_b2c_limit,access_res_company_b2c_limit,model_res_company_b2c_limit,,1,0,0,0
access_reverse_account_invoice_tax,access_reverse_account_invoice_tax,model_reverse_account_invoice_tax,,1,0,0,0