<?xml version="1.0" encoding="utf-8"?>

<flectra>
    <data noupdate="1">

        <!-- Account.account  -->
        <record id="demo_p20011" model="account.account">
            <field name="code">200111</field>
            <field name="name">Demo Local Sales</field>
            <field name="user_type_id" ref="account.data_account_type_revenue"/>
        </record>

        <record id="demo_p2107" model="account.account">
            <field name="name">Purchase Expense</field>
            <field name="code">21071</field>
            <field name="user_type_id" ref="account.data_account_type_expenses"/>
        </record>
    </data>
</flectra>
